{
  "resume_entites": {
    "AcDbBlockReference": 1
  },
  "blocs_dynamiques": [
    {
      "nom": "Element Filaire",
      "layer": "0",
      "insertion": {
        "x": 0.0,
        "y": 2.0,
        "z": 0.0
      },
      "rotation": 270.0,
      "echelle": {
        "x": 1.0,
        "y": 1.0,
        "z": 1.0
      },
      "lignes": [
        {
          "debut": {
            "x": 0.0,
            "y": 0.0,
            "z": 0.0
          },
          "fin": {
            "x": 3.0,
            "y": 0.0,
            "z": 0.0
          },
          "layer": "Files"
        }
      ],
      "attributs": {
        "I": "6e-5",
        "E": "30"
      },
      "parametres": {
        "Longueur": 3.0,
        "Origin": [
          -1.4499999999999993,
          0.20000000000000884
        ],
        "R_C": 0.29999999999999993,
        "h_Ht_H": 0.25,
        "W_bt_H": 0.3499999999999992,
        "tf_bt_H": 0.04999999999999716,
        "Section": "U",
        "Angle1": 3.141592653589794,
        "L_R ": 0.2500000000000002,
        "l_R": 0.14999999999999858,
        "tf_t_H": 0.04999999999999699,
        "t_wt_H": 0.05000000000000071,
        "W_tt_H": 0.3499999999999992,
        "b_eff_T": 0.24999999999999978,
        "h_f_T": 0.024999999999998634,
        "b_w_T": 0.05000000000000071,
        "H_T": 0.25,
        "b_U": 0.30000000000000093,
        "t_w_U": 0.05000000000000071,
        "t_f_U": 0.02499999999999869,
        "h": 0.3999999999999987,
        "End_Point X": -3.0,
        "End_Point Y": -2.886579864025407e-15,
        "Base_Point X": 0.0,
        "Base_Point Y": 0.0
      }
    }
  ]
}