{
  "resume_entites": {
    "AcDbBlockReference": 1
  },
  "blocs_dynamiques": [
    {
      "nom": "Element Filaire",
      "layer": "0",
      "insertion": {
        "x": 4.0,
        "y": 5.0,
        "z": 0.0
      },
      "lignes": [
        {
          "debut": {
            "x": 0.0,
            "y": 0.0,
            "z": 0.0
          },
          "fin": {
            "x": 3.0,
            "y": 0.0,
            "z": 0.0
          },
          "layer": "Files"
        }
      ],
      "attributs": {
        "I": "6e-5",
        "E": "30"
      },
      "parametres": {
        "Longueur": 2.9999999999999996,
        "Origin": [
          1.0729924714263863,
          0.9955838268384525
        ],
        "R_C": 0.3,
        "h_Ht_H": 0.2500000000000003,
        "W_bt_H": 0.3499999999999997,
        "tf_bt_H": 0.04999999999999702,
        "Section": "U",
        "Angle1": 0.8850605726255072,
        "L_R ": 0.2500000000000004,
        "l_R": 0.14999999999999872,
        "tf_t_H": 0.04999999999999749,
        "t_wt_H": 0.05000000000000057,
        "W_tt_H": 0.3499999999999991,
        "b_eff_T": 0.25000000000000006,
        "h_f_T": 0.024999999999998364,
        "b_w_T": 0.050000000000000745,
        "H_T": 0.24999999999999997,
        "b_U": 0.30000000000000077,
        "t_w_U": 0.05000000000000099,
        "t_f_U": 0.02499999999999817,
        "h": 0.3999999999999985,
        "End_Point X": 1.8997278667919126,
        "End_Point Y": 2.321860037154317,
        "Base_Point X": 0.0,
        "Base_Point Y": 0.0
      }
    }
  ]
}