{
  "resume_entites": {
    "AcDbBlockReference": 14
  },
  "blocs_dynamiques": [
    {
      "nom": "Element Filaire",
      "layer": "0",
      "attributs": {
        "I": "6e-5",
        "E": "30"
      },
      "parametres": {
        "Longueur": 5.0,
        "Origin": [
          2.4499999999999993,
          -0.20000000000000995
        ],
        "R_C": 0.3,
        "h_Ht_H": 0.25,
        "W_bt_H": 0.34999999999999964,
        "tf_bt_H": 0.04999999999999716,
        "Section": "H",
        "Angle1": 0.0,
        "L_R ": 0.25,
        "l_R": 0.14999999999999858,
        "tf_t_H": 0.04999999999999716,
        "t_wt_H": 0.05000000000000071,
        "W_tt_H": 0.34999999999999964,
        "b_eff_T": 0.25,
        "h_f_T": 0.02499999999999858,
        "b_w_T": 0.05000000000000071,
        "H_T": 0.25,
        "b_U": 0.3000000000000007,
        "t_w_U": 0.05000000000000071,
        "t_f_U": 0.02499999999999858,
        "h": 0.3999999999999986,
        "Pos_1 X": 3.0,
        "Pos_1 Y": 0.0,
        "Pos_2 X": 0.0,
        "Pos_2 Y": 0.0
      }
    },
    {
      "nom": "Element Filaire",
      "layer": "0",
      "attributs": {
        "I": "6e-5",
        "E": "502"
      },
      "parametres": {
        "Longueur": 3.0,
        "Origin": [
          -0.20000000000001028,
          -1.4499999999999993
        ],
        "R_C": 0.3,
        "h_Ht_H": 0.25,
        "W_bt_H": 0.34999999999999964,
        "tf_bt_H": 0.04999999999999716,
        "Section": "T",
        "Angle1": 4.71238898038469,
        "L_R ": 0.25,
        "l_R": 0.14999999999999858,
        "tf_t_H": 0.04999999999999713,
        "t_wt_H": 0.05000000000000071,
        "W_tt_H": 0.34999999999999964,
        "b_eff_T": 0.25,
        "h_f_T": 0.02499999999999858,
        "b_w_T": 0.05000000000000071,
        "H_T": 0.25,
        "b_U": 0.3000000000000007,
        "t_w_U": 0.05000000000000071,
        "t_f_U": 0.02499999999999858,
        "h": 0.3999999999999986,
        "Pos_1 X": 3.0,
        "Pos_1 Y": 0.0,
        "Pos_2 X": 0.0,
        "Pos_2 Y": 0.0
      }
    },
    {
      "nom": "Element Filaire",
      "layer": "0",
      "attributs": {
        "I": "6e-5",
        "E": "30"
      },
      "parametres": {
        "Longueur": 3.0,
        "Origin": [
          -0.8222509208164066,
          -1.2109514536993518
        ],
        "R_C": 0.3,
        "h_Ht_H": 0.24999999999999994,
        "W_bt_H": 0.3499999999999997,
        "tf_bt_H": 0.04999999999999716,
        "Section": "R",
        "Angle1": 4.252954209627455,
        "L_R ": 0.2499999999999999,
        "l_R": 0.14999999999999858,
        "tf_t_H": 0.049999999999997206,
        "t_wt_H": 0.05000000000000073,
        "W_tt_H": 0.3499999999999997,
        "b_eff_T": 0.2500000000000001,
        "h_f_T": 0.024999999999998555,
        "b_w_T": 0.05000000000000079,
        "H_T": 0.25000000000000006,
        "b_U": 0.3000000000000009,
        "t_w_U": 0.05000000000000079,
        "t_f_U": 0.024999999999998655,
        "h": 0.3999999999999985,
        "Pos_1 X": 3.0,
        "Pos_1 Y": 0.0,
        "Pos_2 X": 0.0,
        "Pos_2 Y": 0.0
      }
    },
    {
      "nom": "Force Nodal",
      "layer": "Charge",
      "attributs": {
        "Exposant_Unitee": "3",
        "Unitee_Couple_Unitee": "N , Nm",
        "Moment": "50"
      },
      "parametres": {
        "Resultante": 0.19999999999987994,
        "Origin": [
          0.0,
          0.08456276161251848
        ],
        "Pos1 X": 0.22972188084465714,
        "Pos1 Y": 0.032700706223319664,
        "Pos2 X": -0.03270070622331569,
        "Pos2 Y": 0.22972188084465783,
        "Sens": 0,
        "Angle1": 0.9267973144294729,
        "Pos3 X": 0.0,
        "Pos3 Y": 0.5000000000000013,
        "Visibilité1": "Cacher Param",
        "Echele": 0.1823266306038581
      }
    },
    {
      "nom": "Appuit Simple",
      "layer": "Appuit",
      "attributs": {},
      "parametres": {
        "Visibilité1": "Caher Reaction",
        "Angle1": 1.5707963267948966,
        "Origin": [
          0.0,
          0.0
        ]
      }
    },
    {
      "nom": "Encastrement",
      "layer": "Appuit",
      "attributs": {
        "UX": "Y",
        "UY": "N",
        "RX": "N",
        "RY": "N"
      },
      "parametres": {
        "Visibility1": "Cacher Param"
      }
    },
    {
      "nom": "Articulation",
      "layer": "Charge",
      "attributs": {},
      "parametres": {
        "Visibilité1": "Cahcer Reaction",
        "Angle1": 1.5707963267948966,
        "Origin": [
          0.0,
          -0.4330127018922205
        ]
      }
    },
    {
      "nom": "Element Filaire",
      "layer": "0",
      "attributs": {
        "I": "6e-5",
        "E": "30"
      },
      "parametres": {
        "Longueur": 5.0,
        "Origin": [
          2.4499999999999993,
          -0.20000000000000995
        ],
        "R_C": 0.3,
        "h_Ht_H": 0.25,
        "W_bt_H": 0.34999999999999964,
        "tf_bt_H": 0.04999999999999716,
        "Section": "U",
        "Angle1": 0.0,
        "L_R ": 0.25,
        "l_R": 0.14999999999999858,
        "tf_t_H": 0.04999999999999716,
        "t_wt_H": 0.05000000000000071,
        "W_tt_H": 0.34999999999999964,
        "b_eff_T": 0.25,
        "h_f_T": 0.02499999999999858,
        "b_w_T": 0.05000000000000071,
        "H_T": 0.25,
        "b_U": 0.3000000000000007,
        "t_w_U": 0.05000000000000071,
        "t_f_U": 0.02499999999999858,
        "h": 0.3999999999999986,
        "Pos_1 X": 3.0,
        "Pos_1 Y": 0.0,
        "Pos_2 X": 0.0,
        "Pos_2 Y": 0.0
      }
    },
    {
      "nom": "Element Filaire",
      "layer": "0",
      "attributs": {
        "I": "6e-5",
        "E": "502"
      },
      "parametres": {
        "Longueur": 3.0,
        "Origin": [
          -0.20000000000001028,
          -1.4499999999999993
        ],
        "R_C": 0.3,
        "h_Ht_H": 0.25,
        "W_bt_H": 0.34999999999999964,
        "tf_bt_H": 0.04999999999999716,
        "Section": "C",
        "Angle1": 4.71238898038469,
        "L_R ": 0.25,
        "l_R": 0.14999999999999858,
        "tf_t_H": 0.04999999999999713,
        "t_wt_H": 0.05000000000000071,
        "W_tt_H": 0.34999999999999964,
        "b_eff_T": 0.25,
        "h_f_T": 0.02499999999999858,
        "b_w_T": 0.05000000000000071,
        "H_T": 0.25,
        "b_U": 0.3000000000000007,
        "t_w_U": 0.05000000000000071,
        "t_f_U": 0.02499999999999858,
        "h": 0.3999999999999986,
        "Pos_1 X": 3.0,
        "Pos_1 Y": 0.0,
        "Pos_2 X": 0.0,
        "Pos_2 Y": 0.0
      }
    },
    {
      "nom": "Force Nodal",
      "layer": "Charge",
      "attributs": {
        "Exposant_Unitee": "3",
        "Unitee_Couple_Unitee": "kN , kNm",
        "Moment": "50"
      },
      "parametres": {
        "Resultante": 1.0000000000000389,
        "Origin": [
          0.0,
          0.08456276161251848
        ],
        "Pos1 X": 0.23203091522538177,
        "Pos1 Y": -0.001770058186149584,
        "Pos2 X": 0.0017700581861534326,
        "Pos2 Y": 0.232030915225382,
        "Sens": 0,
        "Angle1": 0.7777697667691991,
        "Pos3 X": 0.0,
        "Pos3 Y": 0.5000000000000013,
        "Visibilité1": "Cacher Param",
        "Echele": 0.1823266306038581
      }
    },
    {
      "nom": "Charge Uniformement Repartie",
      "layer": "Charge",
      "attributs": {
        "UNITEE": "kN/m"
      },
      "parametres": {
        "Longueur": 4.9999999999998685,
        "Origin": [
          0.0,
          0.75
        ],
        "Intensite": 1.0,
        "Visibility1": "Parametre",
        "Angle1": 1.5707963267948966,
        "Flip state1": 1
      }
    },
    {
      "nom": "Charge Uniformement Repartie",
      "layer": "Charge",
      "attributs": {
        "UNITEE": "MN/m"
      },
      "parametres": {
        "Longueur": 1.500000000000096,
        "Origin": [
          0.0,
          0.0
        ],
        "Intensite": 0.5000000000000001,