{
  "resume_entites": {
    "AcDbBlockReference": 1
  },
  "blocs_dynamiques": [
    {
      "nom": "Element Filaire",
      "layer": "0",
      "insertion": {
        "x": 4.0,
        "y": 5.0,
        "z": 0.0
      },
      "lignes": [
        {
          "debut": {
            "x": 0.0,
            "y": 0.0,
            "z": 0.0
          },
          "fin": {
            "x": 3.0,
            "y": 0.0,
            "z": 0.0
          },
          "layer": "Files"
        }
      ],
      "attributs": {
        "I": "6e-5",
        "E": "30"
      },
      "parametres": {
        "Longueur": 3.0,
        "Origin": [
          0.6509240560572658,
          -1.3110293182251722
        ],
        "R_C": 0.30000000000000016,
        "h_Ht_H": 0.2500000000000004,
        "W_bt_H": 0.3499999999999996,
        "tf_bt_H": 0.04999999999999706,
        "Section": "U",
        "Angle1": 5.310297621447342,
        "L_R ": 0.25000000000000033,
        "l_R": 0.14999999999999852,
        "tf_t_H": 0.04999999999999739,
        "t_wt_H": 0.05000000000000058,
        "W_tt_H": 0.3499999999999993,
        "b_eff_T": 0.25000000000000017,
        "h_f_T": 0.024999999999998503,
        "b_w_T": 0.05000000000000089,
        "H_T": 0.25000000000000006,
        "b_U": 0.3000000000000009,
        "t_w_U": 0.050000000000000835,
        "t_f_U": 0.02499999999999829,
        "h": 0.3999999999999986,
        "End_Point X": 1.6887455004827272,
        "End_Point Y": -2.4795440376406592,
        "Base_Point X": 0.0,
        "Base_Point Y": 0.0
      }
    }
  ]
}